id;i_d_guest;full_name;plate_number;status
1;48402;matrix;TCP Lado;Guapa invoice repurpose
2;19799;Amarillo analizada system;Polarizado;transmitter
3;54757;Loan Ladrillo;Rústico mano;Dollar Inversor
4;77837;Ladrillo;Ergonómico de Seguro;card
5;48722;Gerente;Account estable;Sabroso payment Andalucía
6;56540;Pasaje Algodón Libyan;Rojo Sopa Creativo;RAM discreta web-enabled
7;51736;haptic;Granito Markets compressing;deposit Gorro
8;36749;Canarias;calculating;grupo a
9;10412;Account;Central holistic robust;Decoración Borders back
10;97353;interactiva;Pescado circuito a;visualize connect
