id;i_d_reservation;res_date_time;status
1;57186;2021-07-05T20:53:34;enterprise de Yuan
2;90715;2021-07-05T13:19:38;website Irlanda revolutionize
3;76583;2021-07-05T02:35:30;parsing Torrente
4;49891;2021-07-05T05:38:01;Comunidad Automatizado
5;60792;2021-07-05T18:17:46;Checa Pa'anga Cuentas
6;26633;2021-07-05T19:53:39;Account
7;68004;2021-07-05T22:19:07;Música Ordenador
8;46120;2021-07-05T01:04:08;neural Métricas
9;93336;2021-07-05T16:14:45;Música expedite
10;86540;2021-07-05T09:42:19;generating Chile relationships
